,id,title
0,1,"Fjallraven - Foldsack No. 1 Backpack, Fits 15 Laptops"
1,2,Mens Casual Premium Slim Fit T-Shirts 
2,3,Mens Cotton Jacket
3,4,Mens Casual Slim Fit
4,5,John Hardy Women's Legends Naga Gold & Silver Dragon Station Chain Bracelet
5,6,Solid Gold Petite Micropave 
6,7,White Gold Plated Princess
7,8,Pierced Owl Rose Gold Plated Stainless Steel Double
8,9,WD 2TB Elements Portable External Hard Drive - USB 3.0 
9,10,SanDisk SSD PLUS 1TB Internal SSD - SATA III 6 Gb/s
10,11,Silicon Power 256GB SSD 3D NAND A55 SLC Cache Performance Boost SATA III 2.5
11,12,WD 4TB Gaming Drive Works with Playstation 4 Portable External Hard Drive
12,13,Acer SB220Q bi 21.5 inches Full HD (1920 x 1080) IPS Ultra-Thin
13,14,Samsung 49-Inch CHG90 144Hz Curved Gaming Monitor (LC49HG90DMNXZA) – Super Ultrawide Screen QLED 
14,15,BIYLACLESEN Women's 3-in-1 Snowboard Jacket Winter Coats
15,16,Lock and Love Women's Removable Hooded Faux Leather Moto Biker Jacket
16,17,Rain Jacket Women Windbreaker Striped Climbing Raincoats
17,18,MBJ Women's Solid Short Sleeve Boat Neck V 
18,19,Opna Women's Short Sleeve Moisture
19,20,DANVOUY Womens T Shirt Casual Cotton Short
